[{"Id":2,"Name":"Medo","Email":"mohamed.mostafa@university.edu","Password":"jd83ks9v","DepartmentId":2},{"Id":3,"Name":"Hassan Mahmoud","Email":"hassan.mahmoud@mail.com","Password":"sn12l3v8","DepartmentId":3},{"Id":4,"Name":"Hussein Ali","Email":"hussein.ali@example.com","Password":"as7d8kq2","DepartmentId":1},{"Id":5,"Name":"Youssef Yassin","Email":"youssef.yassin@university.edu","Password":"dj9f3l2n","DepartmentId":4},{"Id":6,"Name":"Omar Ibrahim","Email":"omar.ibrahim@mail.com","Password":"pl83h1v2","DepartmentId":2},{"Id":7,"Name":"Ali Abdullah","Email":"ali.abdullah@example.com","Password":"zn1d8k3v","DepartmentId":5},{"Id":8,"Name":"Salma Hassan","Email":"salma.hassan@university.edu","Password":"jd8f3m2p","DepartmentId":3},{"Id":9,"Name":"Mona Ahmed","Email":"mona.ahmed@mail.com","Password":"pl83h1m2","DepartmentId":4},{"Id":10,"Name":"Sara Mohamed","Email":"sara.mohamed@example.com","Password":"zn1d8k3t","DepartmentId":5},{"Id":1,"Name":"7amada","Email":"mohamed.mostafa@university.edu","Password":"jd83ks9v","DepartmentId":2},{"Id":12,"Name":"7amada","Email":"mohamed.mostafa@university.edu","Password":"jd83ks9v","DepartmentId":2},{"Id":13,"Name":"7amada","Email":"mohamed.mostafa@university.edu","Password":"jd83ks9v","DepartmentId":2},{"Id":14,"Name":"7amada","Email":"mohamed.mostafa@university.edu","Password":"jd83ks9v","DepartmentId":2},{"Id":15,"Name":"7amada","Email":"mohamed.mostafa@university.edu","Password":"jd83ks9v","DepartmentId":2}]